Sales Person,Country,Product,Date,Amount,boxes_shipped
Jehu Rudeforth,UK,Mint Chip Choco,04-Jan-22,5320.0,180
Van Tuxwell,India,85% Dark Bars,01-Aug-22,7896.0,94
Gigi Bohling,India,Peanut Butter Cubes,07-Jul-22,4501.0,91
Jan Morforth,Australia,Peanut Butter Cubes,27-Apr-22,12726.0,342
Jehu Rudeforth,UK,Peanut Butter Cubes,24-Feb-22,13685.0,184
Van Tuxwell,India,Smooth Sliky Salty,06-Jun-22,5376.0,38
Oby Sorrel,UK,99% Dark & Pure,25-Jan-22,13685.0,176
Gunar Cockshoot,Australia,After Nines,24-Mar-22,3080.0,73
Jehu Rudeforth,New Zealand,50% Dark Bites,20-Apr-22,3990.0,59
Brien Boise,Australia,99% Dark & Pure,04-Jul-22,2835.0,102
Rafaelita Blaksland,UK,Smooth Sliky Salty,13-Jan-22,4704.0,62
Barr Faughny,USA,Orange Choco,10-Mar-22,3703.0,11
Mallorie Waber,Canada,Eclairs,13-Jan-22,1442.0,286
Karlen McCaffrey,New Zealand,Drinking Coco,28-Jul-22,168.0,156
Marney O'Breen,New Zealand,Peanut Butter Cubes,03-Aug-22,8379.0,173
Beverie Moffet,Australia,Organic Choco Syrup,26-Jan-22,6790.0,356
Van Tuxwell,Canada,Organic Choco Syrup,14-Feb-22,4067.0,42
Roddy Speechley,USA,Smooth Sliky Salty,05-Apr-22,3017.0,140
Beverie Moffet,Canada,Milk Bars,16-Feb-22,8799.0,250
Curtice Advani,UK,85% Dark Bars,08-Jun-22,1085.0,172
Brien Boise,Australia,Eclairs,27-Jun-22,6888.0,88
Gunar Cockshoot,USA,Spicy Special Slims,17-Feb-22,1267.0,157
Marney O'Breen,USA,After Nines,30-May-22,4753.0,163
Husein Augar,UK,Drinking Coco,14-Mar-22,3003.0,113
Kaine Padly,Australia,Eclairs,28-Feb-22,7672.0,115
Karlen McCaffrey,India,Fruit & Nut Bars,26-Jan-22,168.0,321
Roddy Speechley,Canada,Spicy Special Slims,09-Feb-22,1652.0,186
Husein Augar,USA,Eclairs,07-Jul-22,4025.0,112
Dennison Crosswaite,New Zealand,White Choc,05-Jul-22,9492.0,151
Dennison Crosswaite,New Zealand,Manuka Honey Choco,15-Jun-22,5061.0,301
Van Tuxwell,New Zealand,85% Dark Bars,24-May-22,1722.0,121
Rafaelita Blaksland,UK,99% Dark & Pure,29-Jun-22,12446.0,150
Wilone O'Kielt,Australia,Manuka Honey Choco,11-May-22,4284.0,94
Karlen McCaffrey,UK,Almond Choco,30-Jun-22,6839.0,133
Andria Kimpton,Canada,After Nines,11-May-22,2163.0,70
Roddy Speechley,USA,Manuka Honey Choco,22-Jul-22,9583.0,315
Andria Kimpton,UK,50% Dark Bites,24-Aug-22,2653.0,314
Kelci Walkden,New Zealand,After Nines,07-Jul-22,147.0,72
Camilla Castle,Australia,85% Dark Bars,19-May-22,3654.0,14
Karlen McCaffrey,India,Manuka Honey Choco,04-Jul-22,2443.0,581
Kelci Walkden,USA,After Nines,02-Jun-22,938.0,16
Karlen McCaffrey,USA,Raspberry Choco,15-Apr-22,14749.0,354
Mallorie Waber,Canada,Choco Coated Almonds,11-Jul-22,4781.0,241
Andria Kimpton,India,Spicy Special Slims,23-Feb-22,6307.0,142
Madelene Upcott,Canada,Almond Choco,22-Aug-22,7602.0,102
Kaine Padly,USA,Peanut Butter Cubes,16-Feb-22,6790.0,188
Van Tuxwell,USA,50% Dark Bites,13-Jan-22,9737.0,160
Curtice Advani,Australia,Milk Bars,14-Feb-22,6979.0,18
Roddy Speechley,India,Eclairs,10-Jun-22,4382.0,303
Curtice Advani,India,Fruit & Nut Bars,07-Jul-22,5243.0,176
Curtice Advani,Canada,Almond Choco,24-Mar-22,4865.0,70
Brien Boise,Australia,Fruit & Nut Bars,06-Jun-22,8575.0,23
Dotty Strutley,Australia,Drinking Coco,19-Jul-22,91.0,135
Beverie Moffet,USA,Raspberry Choco,19-Apr-22,14798.0,83
Marney O'Breen,India,85% Dark Bars,19-Jul-22,2205.0,179
Jehu Rudeforth,Canada,Drinking Coco,15-Jul-22,441.0,24
Ches Bonnell,New Zealand,Spicy Special Slims,14-Feb-22,3556.0,18
Brien Boise,Canada,99% Dark & Pure,18-May-22,16793.0,416
Barr Faughny,Australia,Fruit & Nut Bars,30-Jun-22,15421.0,55
Andria Kimpton,Australia,50% Dark Bites,02-Jun-22,4438.0,227
Andria Kimpton,Australia,Drinking Coco,28-Jun-22,1603.0,48
Marney O'Breen,Australia,Organic Choco Syrup,16-May-22,273.0,174
Kelci Walkden,Canada,Baker's Choco Chips,26-May-22,3073.0,302
Karlen McCaffrey,India,Almond Choco,06-Jul-22,6090.0,149
Oby Sorrel,India,99% Dark & Pure,27-May-22,10255.0,11
Wilone O'Kielt,Australia,Caramel Stuffed Bars,14-Apr-22,2030.0,11
Van Tuxwell,Australia,Organic Choco Syrup,10-Aug-22,19453.0,14
Camilla Castle,India,50% Dark Bites,04-Jul-22,9275.0,411
Oby Sorrel,India,Organic Choco Syrup,08-Jul-22,6181.0,56
Jan Morforth,USA,Peanut Butter Cubes,22-Jul-22,9037.0,102
Gigi Bohling,USA,Choco Coated Almonds,02-Mar-22,12313.0,103
Gigi Bohling,UK,Almond Choco,10-Jan-22,5642.0,9
Jehu Rudeforth,New Zealand,White Choc,11-Mar-22,2800.0,241
Andria Kimpton,New Zealand,Peanut Butter Cubes,20-Jun-22,959.0,265
Van Tuxwell,UK,Organic Choco Syrup,26-Aug-22,2002.0,214
Roddy Speechley,Canada,Milk Bars,13-Jul-22,609.0,32
Camilla Castle,USA,Spicy Special Slims,11-Feb-22,1274.0,244
Marney O'Breen,USA,Orange Choco,27-Jan-22,7595.0,181
Van Tuxwell,UK,99% Dark & Pure,31-Jan-22,4725.0,137
Camilla Castle,USA,White Choc,18-Aug-22,9681.0,24
Andria Kimpton,USA,Raspberry Choco,30-Jun-22,14504.0,21
Dotty Strutley,Australia,Fruit & Nut Bars,23-Aug-22,280.0,311
Brien Boise,New Zealand,Mint Chip Choco,01-Aug-22,63.0,181
Roddy Speechley,New Zealand,After Nines,25-May-22,8001.0,10
Roddy Speechley,Canada,Organic Choco Syrup,10-Jan-22,4032.0,82
Dennison Crosswaite,Australia,70% Dark Bites,07-Feb-22,5859.0,108
Karlen McCaffrey,USA,Orange Choco,12-May-22,11095.0,401
Madelene Upcott,Australia,Spicy Special Slims,07-Mar-22,7182.0,408
Dennison Crosswaite,Australia,85% Dark Bars,05-Apr-22,6881.0,420
Andria Kimpton,Canada,Caramel Stuffed Bars,03-Jan-22,7154.0,348
Dennison Crosswaite,UK,Eclairs,24-Mar-22,6188.0,270
Madelene Upcott,India,Raspberry Choco,07-Jul-22,4221.0,9
Van Tuxwell,USA,After Nines,26-Jul-22,630.0,264
Wilone O'Kielt,Australia,Organic Choco Syrup,07-Jul-22,1743.0,111
Karlen McCaffrey,Canada,50% Dark Bites,15-Jul-22,2919.0,65
Roddy Speechley,New Zealand,Orange Choco,01-Apr-22,49.0,97
Beverie Moffet,Australia,Eclairs,20-Jun-22,1827.0,6
Kelci Walkden,UK,Fruit & Nut Bars,29-Jun-22,13006.0,482
Marney O'Breen,USA,50% Dark Bites,15-Jun-22,1064.0,106
Husein Augar,USA,After Nines,08-Apr-22,11571.0,180
Dennison Crosswaite,Australia,Raspberry Choco,14-Mar-22,5740.0,31
Andria Kimpton,USA,Fruit & Nut Bars,15-Jul-22,1456.0,359
Kelci Walkden,India,Eclairs,19-Apr-22,5334.0,80
Marney O'Breen,USA,99% Dark & Pure,28-Mar-22,4151.0,296
Brien Boise,Canada,Spicy Special Slims,04-Mar-22,8106.0,101
Karlen McCaffrey,New Zealand,70% Dark Bites,02-Aug-22,126.0,40
Husein Augar,UK,Spicy Special Slims,25-Aug-22,4697.0,42
Marney O'Breen,USA,Almond Choco,25-Feb-22,7798.0,167
Kelci Walkden,India,Orange Choco,07-Jun-22,9408.0,138
Jan Morforth,India,Spicy Special Slims,12-Apr-22,1939.0,520
Ches Bonnell,India,Spicy Special Slims,06-Jul-22,10906.0,94
Kelci Walkden,UK,Smooth Sliky Salty,19-Jan-22,5929.0,175
Madelene Upcott,Australia,Fruit & Nut Bars,05-Jan-22,5579.0,92
Madelene Upcott,Canada,70% Dark Bites,24-Jan-22,10927.0,141
Wilone O'Kielt,Australia,Drinking Coco,06-Apr-22,623.0,283
Gunar Cockshoot,Australia,Fruit & Nut Bars,15-Jun-22,6013.0,21
Gigi Bohling,Canada,Baker's Choco Chips,28-Jan-22,1505.0,47
Kelci Walkden,India,Caramel Stuffed Bars,16-Mar-22,476.0,125
Rafaelita Blaksland,Australia,Drinking Coco,21-Feb-22,11550.0,396
Kelci Walkden,USA,Manuka Honey Choco,16-Feb-22,17318.0,87
Jehu Rudeforth,Canada,Spicy Special Slims,13-Jan-22,1848.0,27
Kelci Walkden,Australia,Eclairs,23-Mar-22,7273.0,547
Curtice Advani,Canada,Spicy Special Slims,16-Jun-22,854.0,118
Oby Sorrel,India,Raspberry Choco,14-Apr-22,6832.0,46
Kelci Walkden,UK,Eclairs,25-Jan-22,4606.0,57
Jan Morforth,India,Almond Choco,11-Mar-22,4466.0,22
Dotty Strutley,UK,Almond Choco,28-Jul-22,16114.0,96
Marney O'Breen,New Zealand,After Nines,09-Mar-22,1561.0,44
Husein Augar,Australia,Orange Choco,28-Jun-22,8897.0,188
Marney O'Breen,Australia,Milk Bars,28-Jul-22,2464.0,387
Kelci Walkden,Canada,99% Dark & Pure,15-Aug-22,4830.0,50
Kaine Padly,Australia,Manuka Honey Choco,12-Jan-22,2765.0,264
Beverie Moffet,New Zealand,White Choc,24-Mar-22,7126.0,7
Van Tuxwell,UK,Milk Bars,25-Jul-22,4263.0,90
Oby Sorrel,Canada,99% Dark & Pure,01-Aug-22,3605.0,403
Van Tuxwell,India,Organic Choco Syrup,16-May-22,19929.0,174
Roddy Speechley,India,Smooth Sliky Salty,10-Aug-22,5103.0,140
Jan Morforth,India,Eclairs,05-Jan-22,2541.0,27
Ches Bonnell,UK,Smooth Sliky Salty,11-Jul-22,5663.0,110
Wilone O'Kielt,USA,After Nines,25-Apr-22,392.0,30
Gigi Bohling,New Zealand,Fruit & Nut Bars,04-Apr-22,10976.0,121
Barr Faughny,USA,Raspberry Choco,12-Apr-22,9282.0,101
Wilone O'Kielt,New Zealand,85% Dark Bars,02-Aug-22,1827.0,117
Gigi Bohling,New Zealand,Manuka Honey Choco,28-Jun-22,8267.0,272
Ches Bonnell,Australia,Eclairs,05-Jul-22,4116.0,128
Rafaelita Blaksland,New Zealand,Choco Coated Almonds,07-Jun-22,2093.0,45
Brien Boise,New Zealand,Smooth Sliky Salty,18-Jan-22,1015.0,27
Brien Boise,Australia,Baker's Choco Chips,04-Jan-22,12516.0,212
Dennison Crosswaite,Australia,99% Dark & Pure,31-Jan-22,2758.0,18
Kelci Walkden,India,Almond Choco,14-Mar-22,3297.0,149
Camilla Castle,Australia,70% Dark Bites,29-Apr-22,6048.0,477
Oby Sorrel,India,Smooth Sliky Salty,07-Feb-22,10101.0,108
Kaine Padly,UK,Organic Choco Syrup,31-Mar-22,2282.0,178
Marney O'Breen,India,Caramel Stuffed Bars,16-Mar-22,4361.0,81
Karlen McCaffrey,UK,Eclairs,25-Jan-22,7798.0,196
Van Tuxwell,India,Baker's Choco Chips,20-Jun-22,3052.0,447
Gigi Bohling,UK,After Nines,29-Mar-22,8029.0,175
Curtice Advani,Australia,Orange Choco,12-Jul-22,854.0,136
Jehu Rudeforth,Canada,Smooth Sliky Salty,11-Jul-22,5460.0,138
Karlen McCaffrey,Canada,Smooth Sliky Salty,19-Jan-22,3017.0,184
Andria Kimpton,USA,85% Dark Bars,05-Apr-22,8911.0,82
Jehu Rudeforth,Canada,Milk Bars,21-Feb-22,7203.0,12
Rafaelita Blaksland,New Zealand,Caramel Stuffed Bars,20-May-22,13083.0,14
Mallorie Waber,Australia,Milk Bars,29-Jul-22,2779.0,104
Barr Faughny,USA,Fruit & Nut Bars,28-Jan-22,9058.0,46
Marney O'Breen,UK,Caramel Stuffed Bars,19-Jul-22,3549.0,112
Mallorie Waber,New Zealand,Manuka Honey Choco,13-Apr-22,9436.0,11
Roddy Speechley,India,Peanut Butter Cubes,11-Feb-22,10283.0,21
Roddy Speechley,New Zealand,Milk Bars,02-Mar-22,5446.0,116
Ches Bonnell,Australia,White Choc,02-Mar-22,1043.0,202
Van Tuxwell,USA,99% Dark & Pure,28-Jul-22,12586.0,6
Kelci Walkden,India,After Nines,07-Jan-22,1687.0,520
Brien Boise,UK,White Choc,12-Apr-22,5299.0,167
Van Tuxwell,Canada,Almond Choco,27-Jun-22,3213.0,72
Jehu Rudeforth,Australia,50% Dark Bites,14-Jan-22,5194.0,418
Karlen McCaffrey,UK,Baker's Choco Chips,07-Feb-22,4753.0,389
Jehu Rudeforth,Australia,Orange Choco,23-Mar-22,13706.0,26
Marney O'Breen,India,Peanut Butter Cubes,10-Jan-22,6489.0,146
Oby Sorrel,UK,Choco Coated Almonds,17-Mar-22,9324.0,41
Gigi Bohling,USA,Spicy Special Slims,21-Jan-22,10829.0,54
Barr Faughny,Australia,White Choc,04-Jul-22,8113.0,370
Kaine Padly,Canada,Peanut Butter Cubes,04-Jul-22,3269.0,176
Dotty Strutley,USA,Manuka Honey Choco,10-Aug-22,273.0,210
Dennison Crosswaite,Australia,50% Dark Bites,01-Apr-22,7287.0,12
Gigi Bohling,India,Raspberry Choco,22-Feb-22,2583.0,159
Camilla Castle,UK,White Choc,03-Jan-22,9982.0,187
Karlen McCaffrey,India,Drinking Coco,31-May-22,4795.0,233
Dotty Strutley,UK,99% Dark & Pure,03-Jan-22,9310.0,282
Husein Augar,New Zealand,Caramel Stuffed Bars,27-Jan-22,497.0,475
Barr Faughny,UK,50% Dark Bites,28-Jan-22,581.0,65
Curtice Advani,Australia,Organic Choco Syrup,28-Jun-22,3472.0,311
Husein Augar,UK,Choco Coated Almonds,02-Mar-22,4333.0,43
Wilone O'Kielt,Australia,After Nines,27-May-22,3325.0,26
Dennison Crosswaite,USA,Almond Choco,30-Jun-22,11718.0,84
Barr Faughny,Canada,Peanut Butter Cubes,07-Jun-22,2100.0,78
Kaine Padly,USA,70% Dark Bites,12-May-22,4018.0,100
Barr Faughny,New Zealand,Raspberry Choco,29-Jul-22,6468.0,66
Dennison Crosswaite,UK,White Choc,03-Aug-22,7238.0,265
Barr Faughny,India,Baker's Choco Chips,18-Aug-22,6454.0,141
Van Tuxwell,New Zealand,Smooth Sliky Salty,14-Jun-22,3115.0,42
Beverie Moffet,UK,White Choc,30-Jun-22,6475.0,76
Camilla Castle,New Zealand,Mint Chip Choco,13-Jun-22,1162.0,190
Ches Bonnell,UK,Orange Choco,27-Apr-22,14238.0,54
Jan Morforth,Australia,White Choc,27-Jul-22,3472.0,32
Mallorie Waber,Canada,85% Dark Bars,20-Apr-22,1428.0,424
Rafaelita Blaksland,India,Spicy Special Slims,04-Jan-22,8064.0,134
Ches Bonnell,Australia,Mint Chip Choco,21-Feb-22,9660.0,92
Karlen McCaffrey,Australia,White Choc,05-Jan-22,7357.0,48
Beverie Moffet,India,Drinking Coco,15-Jul-22,6055.0,46
Brien Boise,Australia,Choco Coated Almonds,25-May-22,5124.0,62
Karlen McCaffrey,Canada,Eclairs,20-Apr-22,3479.0,358
Gigi Bohling,USA,99% Dark & Pure,02-Jun-22,784.0,249
Marney O'Breen,UK,Smooth Sliky Salty,13-May-22,18991.0,88
Beverie Moffet,New Zealand,Baker's Choco Chips,03-Aug-22,1372.0,144
Beverie Moffet,Australia,Milk Bars,25-May-22,735.0,390
Van Tuxwell,UK,Raspberry Choco,16-Mar-22,6538.0,79
Jan Morforth,Australia,Orange Choco,04-Jul-22,3199.0,122
Jehu Rudeforth,India,50% Dark Bites,05-Jul-22,3472.0,135
Madelene Upcott,USA,After Nines,15-Mar-22,4571.0,430
Barr Faughny,UK,Raspberry Choco,22-Aug-22,5481.0,69
Ches Bonnell,Australia,70% Dark Bites,12-Jan-22,3136.0,125
Marney O'Breen,UK,Baker's Choco Chips,10-Jun-22,252.0,154
Kaine Padly,Australia,Peanut Butter Cubes,25-Mar-22,5460.0,286
Rafaelita Blaksland,India,Almond Choco,27-Jul-22,3395.0,99
Husein Augar,UK,Caramel Stuffed Bars,15-Apr-22,14938.0,433
Roddy Speechley,India,Orange Choco,27-Jun-22,4053.0,19
Jehu Rudeforth,UK,70% Dark Bites,14-Apr-22,5565.0,258
Husein Augar,Australia,Manuka Honey Choco,15-Mar-22,7161.0,92
Madelene Upcott,USA,Eclairs,18-Mar-22,8883.0,200
Brien Boise,India,Eclairs,29-Apr-22,1351.0,61
Mallorie Waber,New Zealand,White Choc,25-Feb-22,3171.0,246
Husein Augar,USA,Milk Bars,02-Mar-22,854.0,56
Van Tuxwell,Australia,Milk Bars,20-Jun-22,7910.0,87
Beverie Moffet,Canada,White Choc,15-Jul-22,9275.0,173
Dotty Strutley,Australia,50% Dark Bites,12-May-22,3108.0,252
Mallorie Waber,New Zealand,Organic Choco Syrup,01-Jul-22,5075.0,256
Husein Augar,USA,85% Dark Bars,08-Aug-22,378.0,54
Madelene Upcott,Australia,50% Dark Bites,25-Jul-22,7350.0,6
Wilone O'Kielt,UK,Drinking Coco,18-May-22,3388.0,55
Camilla Castle,India,Peanut Butter Cubes,15-Jul-22,11837.0,277
Curtice Advani,India,70% Dark Bites,05-Jul-22,2282.0,44
Mallorie Waber,USA,Manuka Honey Choco,04-Jul-22,5425.0,96
Dotty Strutley,UK,70% Dark Bites,20-Jun-22,1267.0,216
Gunar Cockshoot,Australia,Almond Choco,25-Jan-22,3752.0,424
Kaine Padly,New Zealand,Spicy Special Slims,01-Jul-22,7728.0,37
Gigi Bohling,USA,50% Dark Bites,13-Apr-22,2296.0,59
Beverie Moffet,UK,Smooth Sliky Salty,04-May-22,4403.0,76
Beverie Moffet,Australia,Baker's Choco Chips,04-Aug-22,3192.0,109
Beverie Moffet,India,70% Dark Bites,01-Jun-22,448.0,146
Jehu Rudeforth,UK,Choco Coated Almonds,22-Apr-22,4270.0,185
Kaine Padly,USA,50% Dark Bites,03-Aug-22,70.0,27
Ches Bonnell,USA,Orange Choco,10-Jun-22,1743.0,69
Gunar Cockshoot,UK,Manuka Honey Choco,27-Jun-22,6762.0,46
Marney O'Breen,Australia,Smooth Sliky Salty,03-Jan-22,3745.0,170
Marney O'Breen,India,After Nines,11-Jul-22,2639.0,179
Ches Bonnell,New Zealand,Milk Bars,17-Aug-22,4389.0,126
Rafaelita Blaksland,USA,Fruit & Nut Bars,18-Jan-22,2604.0,65
Ches Bonnell,India,Organic Choco Syrup,08-Mar-22,16569.0,99
Mallorie Waber,Australia,Orange Choco,07-Mar-22,14658.0,275
Husein Augar,India,70% Dark Bites,09-May-22,6454.0,157
Barr Faughny,New Zealand,85% Dark Bars,23-May-22,2100.0,157
Madelene Upcott,UK,Caramel Stuffed Bars,15-Apr-22,161.0,145
Gigi Bohling,Australia,Drinking Coco,27-Jul-22,2807.0,139
Marney O'Breen,Canada,Choco Coated Almonds,22-Aug-22,2639.0,406
Ches Bonnell,USA,70% Dark Bites,11-May-22,4571.0,122
Madelene Upcott,India,Organic Choco Syrup,26-Jan-22,4781.0,38
Barr Faughny,USA,50% Dark Bites,14-Apr-22,13034.0,117
Dennison Crosswaite,New Zealand,Mint Chip Choco,05-Apr-22,6454.0,417
Marney O'Breen,New Zealand,Smooth Sliky Salty,14-Jun-22,8484.0,57
Brien Boise,Canada,Almond Choco,13-Apr-22,4781.0,125
Beverie Moffet,Australia,White Choc,27-Jun-22,2240.0,166
Dotty Strutley,Australia,Eclairs,26-Jan-22,6979.0,3
Barr Faughny,UK,White Choc,05-Jul-22,1652.0,72
Beverie Moffet,Canada,Baker's Choco Chips,11-Jan-22,13447.0,95
Kelci Walkden,USA,White Choc,07-Mar-22,9422.0,22
Kaine Padly,Canada,50% Dark Bites,04-Mar-22,8687.0,100
Karlen McCaffrey,Canada,Organic Choco Syrup,15-Jul-22,2415.0,312
Kaine Padly,UK,Peanut Butter Cubes,11-May-22,6272.0,86
Karlen McCaffrey,USA,Milk Bars,27-Jan-22,4389.0,7
Karlen McCaffrey,India,Orange Choco,27-Jun-22,3122.0,149
Ches Bonnell,India,Smooth Sliky Salty,03-Aug-22,8043.0,18
Wilone O'Kielt,New Zealand,Mint Chip Choco,19-Aug-22,11662.0,242
Wilone O'Kielt,Australia,Fruit & Nut Bars,15-Jun-22,392.0,102
Dennison Crosswaite,UK,Peanut Butter Cubes,07-Feb-22,8925.0,158
Karlen McCaffrey,Australia,Almond Choco,08-Jul-22,7294.0,128
Dennison Crosswaite,India,Milk Bars,21-Apr-22,1526.0,96
Ches Bonnell,UK,Mint Chip Choco,08-Apr-22,2688.0,209
Husein Augar,Australia,50% Dark Bites,19-Aug-22,14889.0,52
Jan Morforth,India,Fruit & Nut Bars,04-May-22,2912.0,55
Mallorie Waber,USA,85% Dark Bars,11-May-22,2632.0,108
Mallorie Waber,USA,Eclairs,22-Mar-22,6328.0,51
Dennison Crosswaite,Canada,Spicy Special Slims,10-Aug-22,2527.0,216
Dennison Crosswaite,USA,Fruit & Nut Bars,04-May-22,1414.0,318
Kelci Walkden,USA,99% Dark & Pure,18-Aug-22,7714.0,238
Dotty Strutley,Canada,Raspberry Choco,03-Aug-22,4347.0,238
Marney O'Breen,New Zealand,Milk Bars,14-Jan-22,7490.0,315
Madelene Upcott,Australia,Choco Coated Almonds,08-Apr-22,2058.0,72
Kelci Walkden,UK,Orange Choco,01-Aug-22,3640.0,3
Dennison Crosswaite,Canada,Eclairs,15-Mar-22,455.0,45
Karlen McCaffrey,India,Mint Chip Choco,15-Jul-22,10990.0,184
Barr Faughny,New Zealand,Almond Choco,13-Jan-22,5558.0,127
Mallorie Waber,Australia,85% Dark Bars,26-Aug-22,2541.0,53
Ches Bonnell,Canada,Eclairs,10-Jan-22,1876.0,172
Gigi Bohling,Australia,White Choc,11-May-22,5523.0,87
Beverie Moffet,New Zealand,85% Dark Bars,30-Aug-22,11200.0,22
Kaine Padly,USA,Caramel Stuffed Bars,21-Jul-22,5593.0,122
Mallorie Waber,Australia,Almond Choco,01-Aug-22,7882.0,125
Brien Boise,Canada,85% Dark Bars,17-Feb-22,10241.0,259
Brien Boise,Australia,Drinking Coco,27-Jul-22,6832.0,156
Dotty Strutley,USA,Orange Choco,23-Feb-22,1379.0,107
Rafaelita Blaksland,Australia,50% Dark Bites,22-Mar-22,3010.0,40
Dennison Crosswaite,India,99% Dark & Pure,23-Jun-22,6888.0,311
Curtice Advani,UK,White Choc,01-Feb-22,1540.0,73
Kelci Walkden,Australia,After Nines,02-Mar-22,6916.0,288
Gigi Bohling,UK,Fruit & Nut Bars,06-Apr-22,1232.0,86
Gunar Cockshoot,Australia,Raspberry Choco,17-Mar-22,602.0,72
Curtice Advani,UK,Fruit & Nut Bars,24-Jun-22,10927.0,136
Barr Faughny,Canada,50% Dark Bites,19-Jul-22,10185.0,303
Curtice Advani,USA,Spicy Special Slims,11-Jul-22,1603.0,264
Brien Boise,India,Almond Choco,13-Jan-22,2170.0,218
Oby Sorrel,New Zealand,Smooth Sliky Salty,07-Jul-22,8673.0,60
Jan Morforth,India,85% Dark Bars,25-May-22,4760.0,418
Marney O'Breen,India,Fruit & Nut Bars,13-Apr-22,4753.0,151
Andria Kimpton,New Zealand,50% Dark Bites,02-Mar-22,3374.0,202
Gunar Cockshoot,Canada,Raspberry Choco,23-Jun-22,2058.0,126
Kelci Walkden,USA,Drinking Coco,26-Jul-22,6454.0,160
Van Tuxwell,Canada,White Choc,22-Mar-22,420.0,3
Rafaelita Blaksland,USA,Baker's Choco Chips,09-Jun-22,2863.0,58
Van Tuxwell,Australia,Caramel Stuffed Bars,17-May-22,5936.0,59
Ches Bonnell,New Zealand,Peanut Butter Cubes,04-Mar-22,889.0,273
Kelci Walkden,Canada,Milk Bars,07-Jul-22,16016.0,28
Dennison Crosswaite,Canada,Choco Coated Almonds,13-Jan-22,10479.0,118
Curtice Advani,Australia,Almond Choco,13-Jul-22,2912.0,75
Madelene Upcott,Australia,85% Dark Bars,16-Jun-22,1575.0,329
Gigi Bohling,UK,50% Dark Bites,18-Jul-22,8197.0,69
Ches Bonnell,UK,Manuka Honey Choco,30-May-22,4221.0,395
Gigi Bohling,UK,70% Dark Bites,21-Jun-22,840.0,81
Jehu Rudeforth,Australia,Peanut Butter Cubes,24-Jun-22,5691.0,38
Marney O'Breen,India,Eclairs,13-Jan-22,3472.0,96
Curtice Advani,Canada,Fruit & Nut Bars,04-Apr-22,4193.0,195
Kaine Padly,UK,Smooth Sliky Salty,08-Jun-22,9016.0,554
Karlen McCaffrey,Canada,Spicy Special Slims,02-Aug-22,6328.0,47
Kelci Walkden,USA,Organic Choco Syrup,21-Jul-22,9870.0,152
Curtice Advani,India,Spicy Special Slims,20-Jun-22,161.0,134
Roddy Speechley,India,After Nines,22-Jun-22,2576.0,112
Camilla Castle,Australia,Caramel Stuffed Bars,02-May-22,3178.0,16
Curtice Advani,Australia,99% Dark & Pure,07-Jan-22,4676.0,84
Mallorie Waber,UK,50% Dark Bites,21-Feb-22,5502.0,99
Ches Bonnell,Canada,Baker's Choco Chips,21-Mar-22,7462.0,371
Van Tuxwell,UK,Drinking Coco,04-Apr-22,5803.0,136
Gunar Cockshoot,Canada,Fruit & Nut Bars,24-Mar-22,13888.0,203
Gunar Cockshoot,New Zealand,Spicy Special Slims,28-Jun-22,6867.0,183
Gunar Cockshoot,Australia,Drinking Coco,14-Jan-22,2317.0,195
Karlen McCaffrey,New Zealand,Fruit & Nut Bars,07-Feb-22,1218.0,135
Dennison Crosswaite,New Zealand,Drinking Coco,11-Jan-22,4109.0,197
Jehu Rudeforth,India,99% Dark & Pure,25-Feb-22,1953.0,242
Dotty Strutley,Australia,Mint Chip Choco,01-Aug-22,6790.0,25
Roddy Speechley,Australia,Mint Chip Choco,05-May-22,6797.0,252
Madelene Upcott,New Zealand,Raspberry Choco,18-May-22,9226.0,415
Dotty Strutley,New Zealand,Choco Coated Almonds,04-Jan-22,5733.0,348
Roddy Speechley,New Zealand,50% Dark Bites,09-May-22,4312.0,211
Rafaelita Blaksland,India,Smooth Sliky Salty,06-May-22,1638.0,81
Husein Augar,UK,White Choc,13-Jan-22,10815.0,145
Roddy Speechley,Australia,Almond Choco,24-Jun-22,4466.0,74
Van Tuxwell,USA,Caramel Stuffed Bars,14-Feb-22,987.0,21
Camilla Castle,Australia,99% Dark & Pure,18-Jan-22,4669.0,101
Kaine Padly,India,Milk Bars,02-May-22,2905.0,91
Ches Bonnell,Australia,Smooth Sliky Salty,16-May-22,7490.0,54
Mallorie Waber,USA,Almond Choco,28-Jan-22,6986.0,368
Kaine Padly,Canada,99% Dark & Pure,24-Jun-22,1288.0,409
Oby Sorrel,UK,After Nines,18-Jul-22,2345.0,104
Gunar Cockshoot,UK,Eclairs,13-Apr-22,3619.0,164
Dotty Strutley,USA,Caramel Stuffed Bars,15-Apr-22,16982.0,76
Jan Morforth,India,Peanut Butter Cubes,04-Jan-22,8092.0,178
Husein Augar,Australia,Eclairs,04-Jul-22,6993.0,31
Beverie Moffet,USA,Smooth Sliky Salty,24-Mar-22,2317.0,352
Camilla Castle,Australia,Manuka Honey Choco,17-Mar-22,637.0,169
Oby Sorrel,Australia,Almond Choco,15-Feb-22,6034.0,223
Jan Morforth,USA,Orange Choco,29-Jun-22,980.0,146
Gigi Bohling,USA,Fruit & Nut Bars,24-May-22,2821.0,112
Mallorie Waber,UK,Milk Bars,10-Jan-22,3563.0,284
Curtice Advani,USA,Raspberry Choco,15-Mar-22,2996.0,139
Marney O'Breen,Canada,Milk Bars,08-Feb-22,2436.0,309
Brien Boise,India,Caramel Stuffed Bars,25-Feb-22,1540.0,100
Gunar Cockshoot,USA,Eclairs,03-May-22,6916.0,42
Roddy Speechley,USA,Fruit & Nut Bars,14-Jun-22,5509.0,24
Gunar Cockshoot,India,50% Dark Bites,09-Aug-22,12992.0,83
Wilone O'Kielt,New Zealand,Manuka Honey Choco,11-Jul-22,3724.0,234
Kaine Padly,UK,Manuka Honey Choco,14-Jan-22,7133.0,118
Van Tuxwell,Canada,Manuka Honey Choco,24-Feb-22,8617.0,46
Wilone O'Kielt,New Zealand,Almond Choco,15-Mar-22,9198.0,144
Oby Sorrel,New Zealand,Baker's Choco Chips,25-Apr-22,11823.0,47
Dennison Crosswaite,Australia,Organic Choco Syrup,10-May-22,5775.0,41
Marney O'Breen,Australia,Spicy Special Slims,23-Jun-22,13125.0,275
Beverie Moffet,Canada,Smooth Sliky Salty,28-Feb-22,14287.0,370
Brien Boise,USA,Organic Choco Syrup,25-May-22,16233.0,138
Roddy Speechley,New Zealand,Baker's Choco Chips,22-Feb-22,5313.0,215
Van Tuxwell,UK,85% Dark Bars,11-Jul-22,3577.0,134
Marney O'Breen,Canada,Spicy Special Slims,03-Jan-22,3528.0,336
Rafaelita Blaksland,New Zealand,70% Dark Bites,24-Aug-22,679.0,280
Beverie Moffet,USA,50% Dark Bites,28-Jul-22,2450.0,352
Brien Boise,USA,Mint Chip Choco,25-May-22,10577.0,150
Karlen McCaffrey,New Zealand,Eclairs,06-May-22,2597.0,177
Barr Faughny,India,Drinking Coco,28-Jan-22,2219.0,142
Marney O'Breen,UK,Orange Choco,06-Jun-22,11319.0,12
Brien Boise,New Zealand,Baker's Choco Chips,12-Jul-22,5978.0,24
Ches Bonnell,Canada,Spicy Special Slims,05-Aug-22,5327.0,183
Brien Boise,USA,Orange Choco,28-Jan-22,6020.0,147
Kaine Padly,India,Spicy Special Slims,31-Aug-22,5614.0,137
Mallorie Waber,USA,50% Dark Bites,19-Apr-22,1736.0,13
Mallorie Waber,UK,Mint Chip Choco,29-Jun-22,6384.0,2
Beverie Moffet,India,Choco Coated Almonds,24-Feb-22,3577.0,261
Madelene Upcott,UK,Smooth Sliky Salty,04-Mar-22,14539.0,84
Gigi Bohling,India,Eclairs,21-Jun-22,3493.0,68
Rafaelita Blaksland,Australia,Organic Choco Syrup,26-Jan-22,994.0,105
Oby Sorrel,New Zealand,White Choc,10-Jun-22,4361.0,40
Andria Kimpton,UK,Drinking Coco,23-May-22,1554.0,65
Kelci Walkden,India,Milk Bars,15-Apr-22,966.0,107
Karlen McCaffrey,New Zealand,Caramel Stuffed Bars,31-Jan-22,5334.0,227
Andria Kimpton,New Zealand,Organic Choco Syrup,04-Mar-22,4935.0,39
Barr Faughny,New Zealand,After Nines,19-Apr-22,10024.0,84
Beverie Moffet,UK,Almond Choco,16-May-22,2506.0,100
Oby Sorrel,Australia,Raspberry Choco,17-Feb-22,1043.0,120
Dennison Crosswaite,USA,Raspberry Choco,18-Jan-22,6524.0,257
Roddy Speechley,Canada,Orange Choco,09-Feb-22,8148.0,85
Mallorie Waber,Canada,Orange Choco,23-Mar-22,3577.0,178
Madelene Upcott,New Zealand,Caramel Stuffed Bars,01-Feb-22,3374.0,151
Mallorie Waber,India,Drinking Coco,07-Mar-22,3948.0,142
Ches Bonnell,UK,White Choc,03-Jan-22,3269.0,226
Ches Bonnell,USA,White Choc,11-Feb-22,5271.0,341
Dennison Crosswaite,New Zealand,Orange Choco,16-Mar-22,4571.0,140
Dotty Strutley,India,White Choc,15-Aug-22,12327.0,330
Gigi Bohling,India,Manuka Honey Choco,12-May-22,4935.0,73
Van Tuxwell,India,Spicy Special Slims,11-Apr-22,6167.0,4
Jan Morforth,New Zealand,Mint Chip Choco,30-Jun-22,18340.0,285
Dotty Strutley,New Zealand,White Choc,15-Jun-22,7014.0,60
Rafaelita Blaksland,Canada,Caramel Stuffed Bars,01-Aug-22,7119.0,101
Kaine Padly,USA,Milk Bars,15-Jun-22,15491.0,58
Brien Boise,India,After Nines,16-Jun-22,5747.0,45
Oby Sorrel,New Zealand,Raspberry Choco,13-May-22,4550.0,281
Dennison Crosswaite,USA,Drinking Coco,10-May-22,2191.0,138
Oby Sorrel,India,Eclairs,25-Aug-22,5663.0,322
Ches Bonnell,New Zealand,Organic Choco Syrup,15-Jul-22,7623.0,85
Gigi Bohling,UK,Baker's Choco Chips,16-May-22,9023.0,409
Jan Morforth,Australia,50% Dark Bites,14-Jun-22,3402.0,182
Beverie Moffet,Australia,Smooth Sliky Salty,25-Jan-22,10507.0,467
Ches Bonnell,USA,Organic Choco Syrup,28-Jul-22,7721.0,14
Brien Boise,Canada,Mint Chip Choco,28-Jan-22,5033.0,178
Kaine Padly,UK,Orange Choco,29-Jun-22,1960.0,191
Karlen McCaffrey,Australia,70% Dark Bites,24-Jun-22,238.0,317
Gunar Cockshoot,Canada,Mint Chip Choco,01-Jul-22,7756.0,410
Roddy Speechley,USA,Peanut Butter Cubes,25-Feb-22,1736.0,137
Curtice Advani,Canada,Smooth Sliky Salty,01-Aug-22,2660.0,12
Oby Sorrel,Australia,Milk Bars,21-Jun-22,7672.0,254
Camilla Castle,New Zealand,Spicy Special Slims,25-Jan-22,11564.0,24
Gigi Bohling,UK,Milk Bars,17-May-22,1365.0,232
Andria Kimpton,Australia,85% Dark Bars,23-Aug-22,4186.0,233
Camilla Castle,Australia,Smooth Sliky Salty,03-Mar-22,7406.0,118
Roddy Speechley,India,Caramel Stuffed Bars,30-May-22,8911.0,543
Karlen McCaffrey,USA,Drinking Coco,29-Jun-22,112.0,223
Andria Kimpton,Canada,Organic Choco Syrup,04-Jan-22,8204.0,204
Jehu Rudeforth,Australia,Drinking Coco,14-Jan-22,2611.0,65
Karlen McCaffrey,USA,Mint Chip Choco,15-Feb-22,15652.0,53
Curtice Advani,New Zealand,Spicy Special Slims,10-Jan-22,4074.0,469
Madelene Upcott,USA,White Choc,04-May-22,12250.0,213
Andria Kimpton,USA,Spicy Special Slims,23-May-22,2366.0,5
Barr Faughny,New Zealand,Fruit & Nut Bars,26-Apr-22,1687.0,147
Oby Sorrel,Canada,Organic Choco Syrup,05-Jul-22,1232.0,74
Madelene Upcott,UK,Organic Choco Syrup,21-Jul-22,6965.0,163
Dotty Strutley,USA,Mint Chip Choco,21-Feb-22,5292.0,248
Kelci Walkden,USA,Orange Choco,03-Feb-22,1379.0,138
Gigi Bohling,Australia,Caramel Stuffed Bars,08-Jul-22,8001.0,151
Mallorie Waber,India,50% Dark Bites,31-May-22,588.0,139
Van Tuxwell,New Zealand,Mint Chip Choco,27-Jun-22,4046.0,103
Van Tuxwell,India,50% Dark Bites,13-May-22,5103.0,129
Van Tuxwell,USA,Manuka Honey Choco,31-May-22,2317.0,102
Wilone O'Kielt,USA,Orange Choco,28-Feb-22,7042.0,37
Barr Faughny,New Zealand,Eclairs,28-Mar-22,6713.0,31
Gigi Bohling,USA,After Nines,14-Jan-22,1848.0,227
Barr Faughny,New Zealand,Mint Chip Choco,21-Feb-22,6440.0,145
Dennison Crosswaite,Canada,85% Dark Bars,01-Aug-22,10885.0,90
Beverie Moffet,New Zealand,Smooth Sliky Salty,19-May-22,2387.0,59
Husein Augar,USA,White Choc,13-Jul-22,2030.0,60
Andria Kimpton,Australia,Peanut Butter Cubes,20-Apr-22,6678.0,148
Dennison Crosswaite,India,85% Dark Bars,30-Jun-22,4515.0,22
Curtice Advani,UK,50% Dark Bites,08-Mar-22,3374.0,142
Gunar Cockshoot,USA,Fruit & Nut Bars,09-Mar-22,5852.0,93
Oby Sorrel,Canada,Raspberry Choco,16-Jun-22,1750.0,208
Gigi Bohling,UK,Drinking Coco,30-Jun-22,5782.0,42
Kelci Walkden,India,Mint Chip Choco,28-Jul-22,2870.0,120
Karlen McCaffrey,Canada,Peanut Butter Cubes,12-Aug-22,3094.0,159
Barr Faughny,UK,Mint Chip Choco,07-Jul-22,3724.0,316
Barr Faughny,USA,85% Dark Bars,25-Aug-22,12761.0,47
Husein Augar,Canada,Eclairs,17-Jan-22,3696.0,233
Jan Morforth,Australia,70% Dark Bites,04-Mar-22,5222.0,384
Marney O'Breen,New Zealand,Fruit & Nut Bars,25-Aug-22,8939.0,4
Ches Bonnell,UK,Peanut Butter Cubes,15-Apr-22,2156.0,260
Kaine Padly,USA,Organic Choco Syrup,11-Mar-22,2380.0,22
Camilla Castle,USA,Raspberry Choco,20-May-22,3339.0,18
Brien Boise,New Zealand,Manuka Honey Choco,14-Jun-22,14980.0,42
Jehu Rudeforth,New Zealand,After Nines,14-Apr-22,1512.0,73
Jehu Rudeforth,USA,Smooth Sliky Salty,07-Jul-22,6657.0,154
Madelene Upcott,India,Mint Chip Choco,24-Aug-22,3836.0,71
Jehu Rudeforth,India,Eclairs,24-Feb-22,8771.0,127
Karlen McCaffrey,Canada,Raspberry Choco,09-May-22,651.0,224
Kaine Padly,Australia,70% Dark Bites,08-Feb-22,6706.0,223
Roddy Speechley,UK,70% Dark Bites,24-Mar-22,1421.0,284
Rafaelita Blaksland,USA,Drinking Coco,20-Jun-22,8526.0,73
Mallorie Waber,Canada,Manuka Honey Choco,07-Mar-22,1435.0,112
Kaine Padly,Australia,Fruit & Nut Bars,20-Jun-22,7434.0,85
Oby Sorrel,New Zealand,Organic Choco Syrup,17-Feb-22,15316.0,270
Madelene Upcott,UK,99% Dark & Pure,26-Jan-22,10479.0,45
Madelene Upcott,Australia,Mint Chip Choco,02-May-22,2751.0,153
Curtice Advani,Canada,99% Dark & Pure,07-Jul-22,12586.0,7
Rafaelita Blaksland,Australia,Baker's Choco Chips,22-Aug-22,2786.0,51
Karlen McCaffrey,Australia,After Nines,11-Aug-22,2303.0,67
Marney O'Breen,UK,99% Dark & Pure,13-Jan-22,8113.0,194
Gunar Cockshoot,Australia,50% Dark Bites,02-Mar-22,12271.0,116
Marney O'Breen,Australia,Choco Coated Almonds,27-Jul-22,11298.0,41
Kelci Walkden,New Zealand,Drinking Coco,10-Mar-22,15855.0,111
Beverie Moffet,USA,85% Dark Bars,23-Aug-22,12404.0,334
Roddy Speechley,USA,Eclairs,25-Apr-22,3990.0,155
Dennison Crosswaite,UK,Milk Bars,07-Mar-22,10808.0,407
Wilone O'Kielt,UK,Organic Choco Syrup,12-Jul-22,4858.0,52
Madelene Upcott,USA,Orange Choco,16-May-22,7742.0,138
Gunar Cockshoot,India,Smooth Sliky Salty,02-Mar-22,3752.0,70
Marney O'Breen,New Zealand,85% Dark Bars,30-May-22,1218.0,149
Marney O'Breen,UK,Manuka Honey Choco,10-Jun-22,10983.0,179
Brien Boise,USA,99% Dark & Pure,25-Jul-22,6769.0,353
Beverie Moffet,New Zealand,Mint Chip Choco,09-Jun-22,4361.0,97
Dennison Crosswaite,USA,Milk Bars,12-May-22,777.0,60
Gunar Cockshoot,USA,Drinking Coco,09-May-22,3843.0,5
Brien Boise,Canada,Manuka Honey Choco,09-Aug-22,6930.0,182
Van Tuxwell,India,Choco Coated Almonds,13-Apr-22,5733.0,114
Andria Kimpton,USA,Caramel Stuffed Bars,02-May-22,8393.0,46
Dotty Strutley,USA,99% Dark & Pure,09-Aug-22,3822.0,320
Camilla Castle,Australia,Raspberry Choco,23-Aug-22,6342.0,178
Gunar Cockshoot,India,Spicy Special Slims,13-May-22,6510.0,170
Karlen McCaffrey,USA,Manuka Honey Choco,01-Feb-22,10171.0,67
Camilla Castle,USA,50% Dark Bites,23-Jun-22,5908.0,301
Madelene Upcott,UK,Choco Coated Almonds,24-May-22,10164.0,134
Jan Morforth,Canada,Mint Chip Choco,01-Apr-22,1064.0,211
Camilla Castle,Canada,70% Dark Bites,27-Jul-22,9716.0,151
Ches Bonnell,India,Peanut Butter Cubes,27-Jan-22,22050.0,208
Jan Morforth,India,Choco Coated Almonds,12-Aug-22,2541.0,134
Gigi Bohling,Canada,Almond Choco,01-Feb-22,9989.0,49
Rafaelita Blaksland,India,After Nines,02-Mar-22,4739.0,204
Kelci Walkden,Australia,99% Dark & Pure,30-Jun-22,3185.0,34
Dotty Strutley,Australia,Spicy Special Slims,17-Jan-22,8225.0,91
Brien Boise,USA,Milk Bars,07-Jul-22,14301.0,130
Mallorie Waber,New Zealand,Mint Chip Choco,31-Jan-22,1316.0,107
Beverie Moffet,UK,99% Dark & Pure,10-Aug-22,3486.0,121
Beverie Moffet,USA,Peanut Butter Cubes,18-Aug-22,13930.0,339
Brien Boise,New Zealand,White Choc,15-Jun-22,5509.0,321
Marney O'Breen,USA,Baker's Choco Chips,26-Jan-22,8470.0,9
Kelci Walkden,USA,Spicy Special Slims,29-Apr-22,77.0,69
Mallorie Waber,Canada,White Choc,03-Mar-22,3381.0,72
Kaine Padly,Australia,Almond Choco,22-Feb-22,4102.0,392
Oby Sorrel,USA,Smooth Sliky Salty,04-Mar-22,3577.0,158
Dennison Crosswaite,India,Smooth Sliky Salty,07-Jul-22,2975.0,9
Camilla Castle,New Zealand,Caramel Stuffed Bars,17-Jun-22,4137.0,347
Jan Morforth,Canada,Caramel Stuffed Bars,02-Aug-22,9541.0,114
Oby Sorrel,USA,Baker's Choco Chips,12-Aug-22,8001.0,120
Madelene Upcott,New Zealand,Peanut Butter Cubes,28-Jan-22,5152.0,333
Kelci Walkden,Australia,Orange Choco,29-Apr-22,11116.0,432
Marney O'Breen,Australia,Manuka Honey Choco,05-Apr-22,13076.0,236
Kaine Padly,Canada,Manuka Honey Choco,18-Jan-22,10213.0,135
Jehu Rudeforth,UK,Baker's Choco Chips,16-May-22,2485.0,97
Kelci Walkden,Australia,White Choc,24-Aug-22,8715.0,168
Curtice Advani,India,85% Dark Bars,18-Jan-22,273.0,402
Kaine Padly,USA,Eclairs,22-Aug-22,7623.0,10
Gunar Cockshoot,UK,99% Dark & Pure,07-Mar-22,7.0,84
Beverie Moffet,UK,Choco Coated Almonds,04-Mar-22,3010.0,69
Dotty Strutley,Canada,Manuka Honey Choco,22-Apr-22,11550.0,111
Kaine Padly,Australia,Milk Bars,09-Jun-22,4046.0,89
Jan Morforth,Canada,Fruit & Nut Bars,25-Jul-22,8904.0,199
Jan Morforth,India,Smooth Sliky Salty,03-Aug-22,11298.0,89
Rafaelita Blaksland,Australia,Manuka Honey Choco,03-Aug-22,4396.0,131
Jehu Rudeforth,UK,Milk Bars,03-May-22,12068.0,227
Husein Augar,Canada,After Nines,19-Jan-22,9772.0,301
Roddy Speechley,USA,50% Dark Bites,11-Feb-22,10458.0,316
Van Tuxwell,India,Almond Choco,14-Jun-22,6426.0,390
Kelci Walkden,USA,50% Dark Bites,23-Mar-22,6188.0,223
Madelene Upcott,Canada,85% Dark Bars,17-Feb-22,7504.0,101
Dennison Crosswaite,Canada,Smooth Sliky Salty,17-Mar-22,1750.0,479
Mallorie Waber,Australia,Spicy Special Slims,29-Jun-22,5439.0,287
Ches Bonnell,Canada,Choco Coated Almonds,24-Aug-22,15547.0,269
Gigi Bohling,Canada,Spicy Special Slims,04-Jul-22,11956.0,277
Roddy Speechley,New Zealand,Almond Choco,28-Mar-22,2723.0,67
Curtice Advani,India,Smooth Sliky Salty,19-Apr-22,19327.0,135
Ches Bonnell,New Zealand,Mint Chip Choco,18-Jan-22,9058.0,229
Van Tuxwell,New Zealand,Fruit & Nut Bars,17-Jan-22,2996.0,88
Andria Kimpton,New Zealand,Mint Chip Choco,15-Feb-22,8848.0,211
Andria Kimpton,UK,Milk Bars,11-Feb-22,14336.0,293
Camilla Castle,USA,Manuka Honey Choco,21-Mar-22,16401.0,179
Gunar Cockshoot,New Zealand,Almond Choco,05-Jan-22,5173.0,129
Brien Boise,India,Raspberry Choco,30-May-22,6328.0,164
Jehu Rudeforth,USA,99% Dark & Pure,04-Jan-22,2534.0,219
Beverie Moffet,Australia,Fruit & Nut Bars,22-Apr-22,1435.0,258
Gigi Bohling,Canada,Milk Bars,10-Feb-22,3052.0,116
Dotty Strutley,India,Spicy Special Slims,12-Aug-22,910.0,204
Gunar Cockshoot,USA,Organic Choco Syrup,10-Aug-22,2331.0,321
Kelci Walkden,Australia,Raspberry Choco,07-Jun-22,679.0,56
Jehu Rudeforth,India,Baker's Choco Chips,06-Jun-22,2086.0,74
Karlen McCaffrey,New Zealand,Baker's Choco Chips,05-Apr-22,5012.0,189
Wilone O'Kielt,USA,50% Dark Bites,18-Apr-22,4501.0,131
Andria Kimpton,India,50% Dark Bites,31-Jan-22,13482.0,15
Madelene Upcott,USA,Baker's Choco Chips,22-Aug-22,5621.0,140
Jehu Rudeforth,Australia,99% Dark & Pure,25-Feb-22,10486.0,198
Jan Morforth,Australia,Mint Chip Choco,22-Feb-22,17626.0,103
Oby Sorrel,New Zealand,Milk Bars,12-Jan-22,4494.0,187
Brien Boise,UK,Almond Choco,25-May-22,105.0,125
Kelci Walkden,India,Smooth Sliky Salty,01-Feb-22,2464.0,8
Rafaelita Blaksland,UK,Eclairs,27-Apr-22,1379.0,70
Gigi Bohling,USA,Smooth Sliky Salty,22-Jul-22,2583.0,126
Curtice Advani,New Zealand,Mint Chip Choco,26-Jan-22,3220.0,265
Curtice Advani,USA,Mint Chip Choco,24-Aug-22,4802.0,296
Madelene Upcott,New Zealand,Fruit & Nut Bars,18-Jan-22,5677.0,21
Karlen McCaffrey,India,85% Dark Bars,30-Mar-22,945.0,83
Ches Bonnell,Australia,Caramel Stuffed Bars,17-Jan-22,8757.0,162
Kelci Walkden,USA,Fruit & Nut Bars,17-Feb-22,4816.0,145
Kelci Walkden,Canada,Peanut Butter Cubes,08-Apr-22,7532.0,44
Gigi Bohling,Canada,Drinking Coco,06-Jul-22,3549.0,82
Husein Augar,India,Fruit & Nut Bars,04-Apr-22,4340.0,226
Jan Morforth,New Zealand,Organic Choco Syrup,02-Mar-22,1799.0,207
Gigi Bohling,New Zealand,Raspberry Choco,09-Aug-22,1127.0,176
Dennison Crosswaite,Australia,Milk Bars,09-Jun-22,10038.0,286
Ches Bonnell,UK,Caramel Stuffed Bars,02-Jun-22,2926.0,300
Van Tuxwell,USA,Fruit & Nut Bars,05-Jul-22,6279.0,235
Andria Kimpton,Canada,Eclairs,11-Aug-22,308.0,125
Madelene Upcott,India,Choco Coated Almonds,11-Feb-22,3500.0,145
Kelci Walkden,New Zealand,Spicy Special Slims,11-Aug-22,658.0,65
Roddy Speechley,Australia,Drinking Coco,12-May-22,12565.0,102
Wilone O'Kielt,USA,Milk Bars,15-Jul-22,5012.0,93
Andria Kimpton,India,Organic Choco Syrup,18-Jan-22,3955.0,134
Madelene Upcott,UK,Fruit & Nut Bars,05-Jan-22,8512.0,189
Curtice Advani,Australia,50% Dark Bites,29-Jun-22,504.0,232
Brien Boise,Canada,Raspberry Choco,14-Jun-22,2800.0,45
Gunar Cockshoot,India,Mint Chip Choco,08-Aug-22,4256.0,67
Dennison Crosswaite,India,Mint Chip Choco,23-Mar-22,13573.0,138
Barr Faughny,India,Caramel Stuffed Bars,04-Jan-22,6566.0,99
Brien Boise,India,Milk Bars,22-Feb-22,13503.0,251
Beverie Moffet,UK,Spicy Special Slims,17-Feb-22,8680.0,252
Barr Faughny,USA,Almond Choco,03-Feb-22,385.0,78
Van Tuxwell,Canada,Raspberry Choco,17-Mar-22,1267.0,130
Wilone O'Kielt,Australia,Baker's Choco Chips,25-Jan-22,2961.0,154
Brien Boise,Australia,Milk Bars,27-Jul-22,1981.0,52
Husein Augar,Australia,Fruit & Nut Bars,28-Jan-22,7959.0,53
Madelene Upcott,Australia,Organic Choco Syrup,05-Jul-22,10794.0,50
Van Tuxwell,India,White Choc,15-Mar-22,1897.0,44
Gunar Cockshoot,Canada,After Nines,04-Aug-22,2744.0,200
Jan Morforth,USA,Fruit & Nut Bars,27-Jun-22,4382.0,361
Jan Morforth,Canada,After Nines,13-Jul-22,4515.0,172
Barr Faughny,New Zealand,Manuka Honey Choco,24-Feb-22,5474.0,239
Karlen McCaffrey,New Zealand,85% Dark Bars,28-Jun-22,6069.0,55
Oby Sorrel,Australia,85% Dark Bars,30-Jun-22,6944.0,27
Curtice Advani,Canada,Choco Coated Almonds,18-Aug-22,5859.0,7
Kaine Padly,India,70% Dark Bites,24-Jan-22,12173.0,301
Beverie Moffet,USA,White Choc,11-Mar-22,5292.0,134
Ches Bonnell,New Zealand,After Nines,23-Jun-22,5705.0,350
Husein Augar,India,Spicy Special Slims,22-Aug-22,2492.0,33
Gunar Cockshoot,Canada,50% Dark Bites,04-Jan-22,3024.0,23
Curtice Advani,India,Milk Bars,05-Apr-22,3437.0,201
Beverie Moffet,India,Milk Bars,15-Apr-22,1869.0,323
Husein Augar,Australia,White Choc,11-May-22,3171.0,220
Andria Kimpton,Canada,Manuka Honey Choco,21-Jul-22,4858.0,488
Jan Morforth,New Zealand,Orange Choco,11-Feb-22,1225.0,84
Andria Kimpton,Canada,Smooth Sliky Salty,08-Jul-22,1155.0,79
Gunar Cockshoot,UK,Raspberry Choco,11-Aug-22,6811.0,344
Husein Augar,New Zealand,After Nines,04-Aug-22,6433.0,7
Andria Kimpton,New Zealand,Orange Choco,14-Jun-22,8169.0,88
Dennison Crosswaite,UK,Baker's Choco Chips,17-Jan-22,2275.0,275
Jehu Rudeforth,Canada,Orange Choco,23-Jun-22,3857.0,512
Jehu Rudeforth,UK,Smooth Sliky Salty,24-Aug-22,1463.0,113
Andria Kimpton,UK,Caramel Stuffed Bars,07-Jun-22,7924.0,275
Jan Morforth,UK,White Choc,22-Jun-22,8799.0,47
Dotty Strutley,USA,Fruit & Nut Bars,13-Jul-22,2898.0,276
Kelci Walkden,UK,Choco Coated Almonds,24-May-22,9506.0,212
Gunar Cockshoot,New Zealand,After Nines,09-Aug-22,7175.0,145
Kaine Padly,Canada,85% Dark Bars,06-Apr-22,1729.0,31
Jan Morforth,New Zealand,Manuka Honey Choco,28-Jul-22,1589.0,271
Gunar Cockshoot,New Zealand,Raspberry Choco,24-Aug-22,630.0,52
Van Tuxwell,Australia,99% Dark & Pure,17-Jan-22,112.0,128
Curtice Advani,USA,Drinking Coco,07-Feb-22,5187.0,142
Brien Boise,Australia,Spicy Special Slims,09-May-22,6223.0,256
Mallorie Waber,New Zealand,85% Dark Bars,06-Jun-22,7714.0,106
Wilone O'Kielt,USA,Choco Coated Almonds,06-Jun-22,9457.0,6
Beverie Moffet,New Zealand,Organic Choco Syrup,24-May-22,6678.0,226
Gunar Cockshoot,UK,50% Dark Bites,13-Jan-22,2107.0,121
Marney O'Breen,USA,Raspberry Choco,23-May-22,6069.0,151
Jehu Rudeforth,UK,White Choc,29-Jun-22,1862.0,284
Jehu Rudeforth,New Zealand,85% Dark Bars,11-Mar-22,6972.0,89
Dotty Strutley,USA,85% Dark Bars,25-Apr-22,10220.0,508
Rafaelita Blaksland,Australia,Smooth Sliky Salty,30-May-22,3969.0,243
Curtice Advani,India,Manuka Honey Choco,23-May-22,1547.0,170
Mallorie Waber,USA,Peanut Butter Cubes,23-May-22,1162.0,18
Van Tuxwell,Canada,Peanut Butter Cubes,24-Jun-22,6342.0,282
Kelci Walkden,New Zealand,Smooth Sliky Salty,11-Mar-22,10633.0,277
Rafaelita Blaksland,USA,Smooth Sliky Salty,27-Jul-22,15057.0,212
Rafaelita Blaksland,USA,White Choc,16-Aug-22,4704.0,126
Roddy Speechley,Canada,Smooth Sliky Salty,07-Mar-22,9338.0,11
Curtice Advani,New Zealand,After Nines,05-Apr-22,7959.0,30
Camilla Castle,India,85% Dark Bars,04-May-22,9023.0,51
Ches Bonnell,USA,Choco Coated Almonds,04-Jan-22,14525.0,92
Marney O'Breen,Australia,Baker's Choco Chips,13-Jan-22,5810.0,101
Wilone O'Kielt,New Zealand,Fruit & Nut Bars,11-Jul-22,6426.0,98
Kaine Padly,Australia,Mint Chip Choco,17-May-22,4403.0,159
Camilla Castle,New Zealand,Peanut Butter Cubes,21-Jul-22,1582.0,62
Curtice Advani,Canada,Organic Choco Syrup,22-Feb-22,791.0,22
Jan Morforth,India,99% Dark & Pure,23-May-22,9100.0,187
Rafaelita Blaksland,Canada,Drinking Coco,12-Jul-22,9884.0,200
Jan Morforth,UK,Orange Choco,15-Jun-22,3780.0,201
Barr Faughny,New Zealand,50% Dark Bites,23-Jun-22,4557.0,308
Curtice Advani,Australia,Eclairs,25-Mar-22,5796.0,55
Jan Morforth,India,Caramel Stuffed Bars,04-Jul-22,84.0,153
Andria Kimpton,UK,White Choc,12-May-22,9037.0,101
Camilla Castle,New Zealand,Raspberry Choco,04-Apr-22,4746.0,137
Madelene Upcott,Australia,Orange Choco,15-Apr-22,6713.0,398
Roddy Speechley,Canada,Eclairs,08-Mar-22,6237.0,88
Karlen McCaffrey,India,White Choc,17-Jan-22,7483.0,232
Wilone O'Kielt,India,Mint Chip Choco,22-Aug-22,1309.0,51
Andria Kimpton,UK,99% Dark & Pure,25-Jul-22,1155.0,66
Marney O'Breen,UK,50% Dark Bites,14-Jun-22,2989.0,124
Ches Bonnell,India,Choco Coated Almonds,05-Apr-22,9625.0,78
Madelene Upcott,UK,Raspberry Choco,26-Aug-22,7357.0,341
Wilone O'Kielt,Australia,50% Dark Bites,03-Aug-22,10031.0,114
Gigi Bohling,Canada,White Choc,11-Jul-22,6587.0,4
Wilone O'Kielt,New Zealand,Eclairs,11-Mar-22,3311.0,22
Brien Boise,UK,Peanut Butter Cubes,10-Jan-22,15330.0,30
Roddy Speechley,UK,Baker's Choco Chips,04-Apr-22,14028.0,351
Karlen McCaffrey,Australia,50% Dark Bites,17-Jan-22,6678.0,708
Marney O'Breen,New Zealand,Organic Choco Syrup,08-Jul-22,8624.0,50
Jan Morforth,UK,Organic Choco Syrup,12-Apr-22,1197.0,356
Rafaelita Blaksland,Canada,Fruit & Nut Bars,24-Aug-22,483.0,185
Ches Bonnell,UK,Choco Coated Almonds,07-Jun-22,1687.0,236
Gunar Cockshoot,Canada,Almond Choco,28-Jul-22,1309.0,30
Husein Augar,USA,99% Dark & Pure,21-Feb-22,9534.0,111
Dennison Crosswaite,Canada,Mint Chip Choco,08-Apr-22,1694.0,289
Brien Boise,UK,Manuka Honey Choco,28-Jun-22,70.0,103
Van Tuxwell,UK,Baker's Choco Chips,24-Mar-22,2443.0,20
Barr Faughny,Australia,Caramel Stuffed Bars,29-Jul-22,2933.0,55
Dennison Crosswaite,USA,Eclairs,25-May-22,2044.0,90
Gigi Bohling,Australia,Raspberry Choco,30-Mar-22,6524.0,303
Dennison Crosswaite,USA,Organic Choco Syrup,18-Jul-22,12656.0,126
Beverie Moffet,Canada,Orange Choco,10-May-22,8722.0,109
Mallorie Waber,Australia,Choco Coated Almonds,18-Mar-22,15750.0,92
Ches Bonnell,India,Caramel Stuffed Bars,15-Jun-22,6839.0,56
Van Tuxwell,Canada,50% Dark Bites,12-May-22,13685.0,58
Kelci Walkden,New Zealand,Baker's Choco Chips,23-Jun-22,2912.0,110
Beverie Moffet,India,Spicy Special Slims,21-Apr-22,3339.0,171
Gigi Bohling,Australia,Almond Choco,17-Aug-22,910.0,117
Rafaelita Blaksland,New Zealand,Eclairs,07-Feb-22,19481.0,51
Kelci Walkden,Canada,Smooth Sliky Salty,17-Mar-22,8099.0,118
Jan Morforth,India,Baker's Choco Chips,01-Aug-22,13727.0,79
Jehu Rudeforth,Australia,Milk Bars,18-Mar-22,8659.0,29
Gigi Bohling,Canada,Fruit & Nut Bars,14-Jun-22,5782.0,103
Beverie Moffet,UK,Eclairs,22-Apr-22,8463.0,155
Marney O'Breen,New Zealand,Eclairs,18-Jan-22,4914.0,31
Husein Augar,Australia,99% Dark & Pure,26-Aug-22,3087.0,128
Gunar Cockshoot,New Zealand,Fruit & Nut Bars,10-Jun-22,9205.0,419
Curtice Advani,Canada,70% Dark Bites,31-Jan-22,2303.0,7
Kelci Walkden,New Zealand,Manuka Honey Choco,08-Apr-22,1358.0,106
Dotty Strutley,Australia,Baker's Choco Chips,07-Jun-22,3605.0,68
Barr Faughny,Australia,85% Dark Bars,10-Feb-22,8498.0,44
Beverie Moffet,Australia,50% Dark Bites,16-May-22,700.0,457
Gunar Cockshoot,India,Baker's Choco Chips,18-Mar-22,2191.0,524
Van Tuxwell,Australia,50% Dark Bites,13-Jul-22,644.0,137
Oby Sorrel,USA,Manuka Honey Choco,25-Jul-22,4340.0,86
Van Tuxwell,Canada,Choco Coated Almonds,19-Aug-22,2282.0,296
Karlen McCaffrey,Canada,70% Dark Bites,24-Jun-22,7714.0,597
Kelci Walkden,Canada,Fruit & Nut Bars,20-Jun-22,826.0,149
Camilla Castle,India,99% Dark & Pure,02-Aug-22,203.0,207
Madelene Upcott,New Zealand,70% Dark Bites,22-Feb-22,13356.0,93
Mallorie Waber,New Zealand,Orange Choco,01-Feb-22,6510.0,23
Jan Morforth,Canada,70% Dark Bites,14-Feb-22,5894.0,305
Kelci Walkden,Australia,Milk Bars,24-Feb-22,7910.0,125
Dennison Crosswaite,India,Orange Choco,18-Mar-22,784.0,129
Husein Augar,UK,Eclairs,30-Aug-22,1750.0,252
Gigi Bohling,USA,Peanut Butter Cubes,09-May-22,280.0,75
Wilone O'Kielt,USA,Smooth Sliky Salty,18-Jan-22,504.0,87
Curtice Advani,India,White Choc,04-Jul-22,7154.0,342
Oby Sorrel,New Zealand,Spicy Special Slims,03-Jun-22,1617.0,13
Beverie Moffet,New Zealand,Peanut Butter Cubes,23-Feb-22,10822.0,30
Dotty Strutley,New Zealand,99% Dark & Pure,09-May-22,10724.0,203
Kelci Walkden,India,70% Dark Bites,06-Jun-22,3640.0,106
Kelci Walkden,India,Drinking Coco,04-Jul-22,7532.0,234
Brien Boise,New Zealand,Drinking Coco,06-Jun-22,1582.0,100
Dotty Strutley,Australia,Almond Choco,13-May-22,1456.0,91
Wilone O'Kielt,New Zealand,Organic Choco Syrup,31-Jan-22,2016.0,277
Ches Bonnell,New Zealand,Caramel Stuffed Bars,30-Jun-22,7588.0,42
Barr Faughny,Canada,Manuka Honey Choco,25-Aug-22,3402.0,249
Gigi Bohling,New Zealand,Smooth Sliky Salty,10-Jan-22,700.0,97
Brien Boise,USA,Manuka Honey Choco,22-Aug-22,1904.0,8
Roddy Speechley,New Zealand,85% Dark Bars,14-Apr-22,4844.0,275
Oby Sorrel,UK,Smooth Sliky Salty,31-May-22,9625.0,313
Oby Sorrel,UK,Raspberry Choco,08-Apr-22,4599.0,323
Roddy Speechley,USA,Drinking Coco,21-Feb-22,3003.0,155
Andria Kimpton,Australia,Manuka Honey Choco,30-Mar-22,9744.0,377
Mallorie Waber,India,Raspberry Choco,02-Mar-22,1400.0,2
Jehu Rudeforth,USA,Orange Choco,28-Jul-22,364.0,170
Kaine Padly,New Zealand,70% Dark Bites,24-Mar-22,7231.0,38
Curtice Advani,Australia,After Nines,11-Aug-22,63.0,105
Husein Augar,UK,Almond Choco,17-May-22,8309.0,166
Kaine Padly,Canada,Choco Coated Almonds,18-May-22,3164.0,164
Roddy Speechley,UK,Peanut Butter Cubes,17-Aug-22,5691.0,171
Ches Bonnell,New Zealand,Eclairs,04-Apr-22,490.0,49
Brien Boise,India,85% Dark Bars,09-Aug-22,18032.0,205
Brien Boise,New Zealand,Organic Choco Syrup,17-Jan-22,637.0,313
Andria Kimpton,Canada,White Choc,14-Feb-22,4067.0,29
Gigi Bohling,New Zealand,Orange Choco,16-May-22,8204.0,307
Ches Bonnell,Canada,Smooth Sliky Salty,16-Mar-22,9870.0,121
Husein Augar,Canada,70% Dark Bites,31-Jan-22,5131.0,285
Barr Faughny,Canada,Organic Choco Syrup,10-Mar-22,1141.0,205
Oby Sorrel,UK,Organic Choco Syrup,30-Jun-22,7980.0,157
Van Tuxwell,New Zealand,Eclairs,01-Mar-22,5229.0,182
Mallorie Waber,UK,Drinking Coco,27-May-22,3423.0,100
Oby Sorrel,UK,Milk Bars,11-Jul-22,6468.0,223
Karlen McCaffrey,New Zealand,Mint Chip Choco,02-Mar-22,4326.0,61
Jehu Rudeforth,USA,Raspberry Choco,04-Mar-22,7154.0,133
Kelci Walkden,UK,85% Dark Bars,23-Jun-22,3997.0,228
Kelci Walkden,USA,Almond Choco,27-Jan-22,5180.0,233
Marney O'Breen,Canada,Orange Choco,14-Jan-22,2723.0,425
Dennison Crosswaite,India,Fruit & Nut Bars,29-Jul-22,952.0,24
Brien Boise,Canada,Smooth Sliky Salty,13-May-22,5691.0,495
Barr Faughny,Canada,Baker's Choco Chips,03-Feb-22,10969.0,170
Brien Boise,India,Smooth Sliky Salty,27-May-22,5964.0,26
Jan Morforth,Australia,Drinking Coco,18-Feb-22,2821.0,24
Brien Boise,India,Spicy Special Slims,28-Jan-22,1302.0,33
Van Tuxwell,UK,Eclairs,29-Jun-22,5474.0,109
Wilone O'Kielt,India,Caramel Stuffed Bars,13-Jan-22,4179.0,276
Jehu Rudeforth,UK,After Nines,27-Jun-22,1946.0,164
Barr Faughny,Canada,White Choc,29-Mar-22,4291.0,1
Gunar Cockshoot,India,Organic Choco Syrup,03-Jun-22,7196.0,160
Mallorie Waber,Canada,Smooth Sliky Salty,21-Mar-22,1939.0,98
Mallorie Waber,India,Eclairs,12-Apr-22,10437.0,46
Rafaelita Blaksland,Australia,Raspberry Choco,19-Jan-22,6916.0,259
Karlen McCaffrey,UK,50% Dark Bites,06-Apr-22,3647.0,310
Kaine Padly,Australia,50% Dark Bites,02-Aug-22,8995.0,78
Gigi Bohling,Australia,Eclairs,12-Apr-22,7252.0,136
Oby Sorrel,India,Drinking Coco,21-Jul-22,16380.0,130
Van Tuxwell,New Zealand,Baker's Choco Chips,22-Mar-22,9660.0,24
Husein Augar,India,Peanut Butter Cubes,09-May-22,4522.0,5
Andria Kimpton,Australia,Baker's Choco Chips,09-Aug-22,329.0,109
Madelene Upcott,Canada,Choco Coated Almonds,20-Jul-22,3458.0,294
Brien Boise,India,70% Dark Bites,14-Apr-22,4641.0,413
Jehu Rudeforth,Canada,White Choc,25-Jan-22,4627.0,136
Andria Kimpton,Australia,Almond Choco,25-Apr-22,3192.0,175
Dotty Strutley,Canada,After Nines,17-Jan-22,252.0,237
Karlen McCaffrey,USA,Eclairs,15-Aug-22,868.0,125
Karlen McCaffrey,Canada,Fruit & Nut Bars,02-Jun-22,210.0,16
Gunar Cockshoot,USA,85% Dark Bars,30-Jun-22,7007.0,135
Dotty Strutley,New Zealand,Raspberry Choco,10-Feb-22,5845.0,91
Marney O'Breen,Canada,Caramel Stuffed Bars,23-Feb-22,1372.0,614
Dennison Crosswaite,India,Organic Choco Syrup,27-Jan-22,8428.0,216
Camilla Castle,UK,Mint Chip Choco,26-May-22,4977.0,317
Brien Boise,USA,70% Dark Bites,14-Apr-22,1694.0,21
Madelene Upcott,Australia,99% Dark & Pure,01-Aug-22,4326.0,154
Mallorie Waber,Australia,Eclairs,22-Aug-22,9527.0,222
Marney O'Breen,India,99% Dark & Pure,22-Jul-22,10766.0,157
Husein Augar,USA,Fruit & Nut Bars,28-Apr-22,1288.0,27
Kelci Walkden,Australia,Almond Choco,30-May-22,4879.0,350
Ches Bonnell,USA,Milk Bars,21-Jul-22,2408.0,157
Jan Morforth,UK,Caramel Stuffed Bars,02-Aug-22,3094.0,468
Brien Boise,New Zealand,70% Dark Bites,15-Jun-22,7231.0,130
Oby Sorrel,India,85% Dark Bars,05-Jul-22,8981.0,130
Kaine Padly,New Zealand,Smooth Sliky Salty,12-Apr-22,7.0,518
Gigi Bohling,Australia,70% Dark Bites,18-Aug-22,1372.0,105
Jan Morforth,UK,50% Dark Bites,12-Jan-22,5250.0,293
Gunar Cockshoot,Canada,White Choc,11-Aug-22,7560.0,15
Jehu Rudeforth,Australia,Spicy Special Slims,13-Jan-22,5012.0,384
Husein Augar,UK,Baker's Choco Chips,29-Apr-22,3038.0,135
Rafaelita Blaksland,New Zealand,After Nines,07-Jul-22,1099.0,92
Madelene Upcott,New Zealand,Mint Chip Choco,11-Mar-22,7413.0,4
Madelene Upcott,UK,70% Dark Bites,16-Feb-22,5397.0,239
Barr Faughny,Australia,Organic Choco Syrup,07-Jan-22,2303.0,33
Beverie Moffet,New Zealand,Drinking Coco,12-Jan-22,1141.0,518
Beverie Moffet,India,Eclairs,09-Jun-22,10325.0,147
Andria Kimpton,India,Eclairs,16-May-22,2149.0,84
Gigi Bohling,UK,85% Dark Bars,23-Jun-22,12362.0,94
Roddy Speechley,UK,Raspberry Choco,28-Jan-22,12635.0,194
Dotty Strutley,UK,Mint Chip Choco,14-Jul-22,2443.0,216
Barr Faughny,Canada,Drinking Coco,18-Apr-22,6237.0,247
Oby Sorrel,USA,Milk Bars,14-Jun-22,1736.0,79
Oby Sorrel,UK,Orange Choco,15-Apr-22,7315.0,237
Curtice Advani,Canada,Peanut Butter Cubes,19-May-22,4935.0,63
Gigi Bohling,India,White Choc,13-Apr-22,1393.0,172
Husein Augar,Canada,Choco Coated Almonds,15-Aug-22,3381.0,408
Wilone O'Kielt,India,Choco Coated Almonds,22-Aug-22,2933.0,233
Wilone O'Kielt,New Zealand,Baker's Choco Chips,22-Apr-22,3836.0,59
Kaine Padly,UK,Choco Coated Almonds,03-Aug-22,8022.0,123
Dennison Crosswaite,New Zealand,Organic Choco Syrup,04-Jan-22,371.0,229
Kelci Walkden,Canada,After Nines,13-Jan-22,16702.0,198
Van Tuxwell,Australia,Baker's Choco Chips,11-May-22,13258.0,32
Husein Augar,New Zealand,Peanut Butter Cubes,16-Feb-22,2058.0,236
Kaine Padly,UK,Caramel Stuffed Bars,20-May-22,10192.0,67
Jehu Rudeforth,UK,Drinking Coco,03-Feb-22,7140.0,438
Beverie Moffet,India,Manuka Honey Choco,06-May-22,9835.0,167
Gunar Cockshoot,UK,Choco Coated Almonds,30-Jun-22,5775.0,135
Gunar Cockshoot,UK,Smooth Sliky Salty,22-Mar-22,749.0,148
Camilla Castle,Canada,Orange Choco,17-Feb-22,7770.0,54
Jehu Rudeforth,UK,85% Dark Bars,07-Jul-22,5502.0,64
Oby Sorrel,UK,70% Dark Bites,16-Mar-22,6223.0,181
Kelci Walkden,UK,99% Dark & Pure,12-Aug-22,3507.0,114
Gigi Bohling,New Zealand,After Nines,21-Jan-22,5600.0,181
Oby Sorrel,Australia,50% Dark Bites,06-May-22,721.0,151
Oby Sorrel,Canada,50% Dark Bites,24-Jun-22,6615.0,137
Barr Faughny,USA,White Choc,05-May-22,7420.0,163
Rafaelita Blaksland,New Zealand,99% Dark & Pure,25-Mar-22,3164.0,84
Curtice Advani,Australia,Caramel Stuffed Bars,14-Feb-22,9114.0,140
Curtice Advani,New Zealand,85% Dark Bars,12-May-22,5404.0,187
Barr Faughny,New Zealand,Smooth Sliky Salty,25-Jan-22,3990.0,169
Ches Bonnell,UK,85% Dark Bars,28-Jun-22,14924.0,12
Dennison Crosswaite,Australia,Drinking Coco,13-Jul-22,7091.0,194
Roddy Speechley,USA,Milk Bars,16-May-22,2807.0,252
Jan Morforth,India,After Nines,14-Mar-22,6496.0,168
Gunar Cockshoot,USA,After Nines,15-Aug-22,3738.0,261
Ches Bonnell,India,Orange Choco,16-Feb-22,1190.0,256
Mallorie Waber,UK,Manuka Honey Choco,15-Jun-22,8379.0,43
Barr Faughny,Australia,Raspberry Choco,27-May-22,9268.0,100
Wilone O'Kielt,USA,Drinking Coco,14-Jun-22,1029.0,98
Wilone O'Kielt,India,Eclairs,25-Feb-22,3549.0,76
Wilone O'Kielt,India,After Nines,04-Aug-22,12026.0,262
Kelci Walkden,India,99% Dark & Pure,28-Jun-22,2303.0,244
Gunar Cockshoot,Canada,Spicy Special Slims,05-Apr-22,13405.0,12
Madelene Upcott,Canada,Peanut Butter Cubes,05-Jul-22,14763.0,113
Kaine Padly,New Zealand,Eclairs,20-Jan-22,12894.0,48
Ches Bonnell,New Zealand,Drinking Coco,16-Feb-22,8302.0,131
Curtice Advani,UK,Drinking Coco,12-Jul-22,455.0,174
Kelci Walkden,India,Raspberry Choco,16-Jun-22,8183.0,254
Dotty Strutley,Australia,Choco Coated Almonds,13-Apr-22,1645.0,284
Kaine Padly,UK,50% Dark Bites,21-Feb-22,3143.0,67
Roddy Speechley,Canada,Choco Coated Almonds,11-May-22,5873.0,249
Ches Bonnell,India,50% Dark Bites,15-Apr-22,11298.0,313
Oby Sorrel,Canada,Peanut Butter Cubes,07-Jun-22,12425.0,167
Oby Sorrel,UK,White Choc,27-Jun-22,1715.0,286
Barr Faughny,India,After Nines,29-Jul-22,8190.0,109
Wilone O'Kielt,Canada,Smooth Sliky Salty,02-Jun-22,4991.0,166
Rafaelita Blaksland,India,Mint Chip Choco,26-Jan-22,15491.0,85
Rafaelita Blaksland,Canada,99% Dark & Pure,02-Mar-22,5096.0,142
Van Tuxwell,Australia,70% Dark Bites,10-Jan-22,7063.0,104
Beverie Moffet,USA,70% Dark Bites,27-Jun-22,2275.0,115
Barr Faughny,Canada,Orange Choco,30-Jun-22,7602.0,18
Roddy Speechley,Australia,85% Dark Bars,08-Jul-22,4200.0,80
Oby Sorrel,India,Spicy Special Slims,08-Jun-22,11137.0,88
Jan Morforth,UK,Manuka Honey Choco,18-Aug-22,3388.0,212
Kaine Padly,Australia,After Nines,08-Apr-22,6832.0,306
Wilone O'Kielt,Canada,Fruit & Nut Bars,08-Aug-22,3437.0,181
Wilone O'Kielt,UK,Milk Bars,26-Aug-22,301.0,65
Oby Sorrel,Canada,Fruit & Nut Bars,14-Jan-22,1869.0,158
Dennison Crosswaite,USA,Baker's Choco Chips,11-Aug-22,17465.0,271
Madelene Upcott,USA,Almond Choco,31-May-22,10143.0,24
Van Tuxwell,New Zealand,50% Dark Bites,11-Jul-22,3626.0,10
Karlen McCaffrey,Canada,Caramel Stuffed Bars,02-Mar-22,3346.0,304
Madelene Upcott,Australia,Raspberry Choco,13-Jul-22,6321.0,88
Rafaelita Blaksland,UK,Spicy Special Slims,03-Aug-22,9345.0,133
Curtice Advani,UK,Peanut Butter Cubes,01-Mar-22,15008.0,165
Kelci Walkden,New Zealand,White Choc,13-Apr-22,7609.0,150
Beverie Moffet,Canada,Fruit & Nut Bars,14-Feb-22,10332.0,180
Mallorie Waber,India,White Choc,26-Jul-22,819.0,213
Brien Boise,UK,Drinking Coco,27-Jan-22,5754.0,133
Jehu Rudeforth,India,Peanut Butter Cubes,14-Apr-22,28.0,446
Oby Sorrel,USA,Almond Choco,19-May-22,6440.0,141
Husein Augar,India,Eclairs,09-Feb-22,4956.0,58
Brien Boise,UK,Spicy Special Slims,25-May-22,2352.0,58
Oby Sorrel,Australia,Manuka Honey Choco,26-Jan-22,3906.0,76
Beverie Moffet,India,White Choc,04-Jul-22,1813.0,296
Ches Bonnell,India,Almond Choco,13-Apr-22,11788.0,73
Gigi Bohling,Australia,Smooth Sliky Salty,25-Jan-22,5768.0,119
Camilla Castle,USA,85% Dark Bars,25-Apr-22,2401.0,78
Camilla Castle,USA,Eclairs,10-Jun-22,4515.0,392
Madelene Upcott,New Zealand,White Choc,22-Aug-22,10794.0,51
Van Tuxwell,India,After Nines,27-Jun-22,13706.0,207
Husein Augar,India,Orange Choco,30-Jun-22,4361.0,40
Jehu Rudeforth,India,Almond Choco,30-Aug-22,10122.0,100
Karlen McCaffrey,Australia,Raspberry Choco,23-Aug-22,994.0,57
Camilla Castle,New Zealand,99% Dark & Pure,26-Aug-22,2268.0,42
Gigi Bohling,Australia,Orange Choco,09-Mar-22,574.0,156
Kelci Walkden,UK,Drinking Coco,20-Apr-22,1792.0,23
Mallorie Waber,Canada,Caramel Stuffed Bars,10-Jun-22,4844.0,539
Husein Augar,Australia,Organic Choco Syrup,08-Feb-22,938.0,158
Brien Boise,Australia,White Choc,25-Aug-22,4879.0,22
Dotty Strutley,India,Peanut Butter Cubes,16-Feb-22,9107.0,73
Dennison Crosswaite,UK,99% Dark & Pure,30-May-22,12187.0,27
Gigi Bohling,New Zealand,50% Dark Bites,29-Jun-22,5670.0,64
Gigi Bohling,USA,Milk Bars,16-Jun-22,476.0,133
Brien Boise,UK,Caramel Stuffed Bars,04-Mar-22,2681.0,149
Curtice Advani,New Zealand,Peanut Butter Cubes,15-Mar-22,1533.0,434
Curtice Advani,New Zealand,50% Dark Bites,27-Jan-22,9765.0,85
Beverie Moffet,Canada,Drinking Coco,05-Jul-22,994.0,118
Barr Faughny,USA,Caramel Stuffed Bars,29-Mar-22,3318.0,299
Mallorie Waber,Canada,Almond Choco,12-May-22,4214.0,35
Oby Sorrel,USA,Drinking Coco,11-Mar-22,7714.0,44
Brien Boise,New Zealand,Eclairs,11-Jul-22,4690.0,299
Gunar Cockshoot,New Zealand,Choco Coated Almonds,01-Aug-22,13062.0,62
Gunar Cockshoot,UK,Spicy Special Slims,16-Feb-22,12488.0,200
Curtice Advani,USA,After Nines,13-Apr-22,14147.0,235
Oby Sorrel,India,Choco Coated Almonds,14-Feb-22,49.0,363
Ches Bonnell,Australia,Peanut Butter Cubes,14-Mar-22,10199.0,68
Oby Sorrel,Australia,Spicy Special Slims,26-Apr-22,11389.0,26
Jehu Rudeforth,Canada,Manuka Honey Choco,05-Apr-22,3584.0,200
Camilla Castle,Canada,Drinking Coco,03-Mar-22,12481.0,264
Kaine Padly,USA,Spicy Special Slims,13-Jun-22,2107.0,175
Marney O'Breen,New Zealand,70% Dark Bites,14-Feb-22,8603.0,352
Roddy Speechley,New Zealand,99% Dark & Pure,18-Apr-22,7483.0,183
Oby Sorrel,New Zealand,85% Dark Bars,01-Feb-22,3381.0,417
Dotty Strutley,New Zealand,Orange Choco,04-Aug-22,2030.0,146
Andria Kimpton,New Zealand,Almond Choco,05-Apr-22,6559.0,158
Karlen McCaffrey,Australia,99% Dark & Pure,26-Jan-22,10822.0,168
Kaine Padly,UK,After Nines,21-Jan-22,18697.0,176
Kaine Padly,Canada,After Nines,22-Aug-22,5845.0,172
Kaine Padly,UK,Drinking Coco,27-Jan-22,2317.0,224
Rafaelita Blaksland,UK,50% Dark Bites,16-Feb-22,10150.0,68
Dotty Strutley,USA,Raspberry Choco,03-Jan-22,3437.0,46
Karlen McCaffrey,USA,White Choc,24-Aug-22,4592.0,2
Oby Sorrel,USA,Spicy Special Slims,07-Feb-22,5691.0,417
Mallorie Waber,Australia,Smooth Sliky Salty,11-Feb-22,4158.0,109
Kaine Padly,Canada,Organic Choco Syrup,29-Mar-22,5684.0,81
Marney O'Breen,USA,Peanut Butter Cubes,15-Jun-22,693.0,350
Dennison Crosswaite,UK,Smooth Sliky Salty,26-Apr-22,546.0,142
Brien Boise,Australia,Organic Choco Syrup,15-Jul-22,4263.0,264
Beverie Moffet,India,Organic Choco Syrup,23-Jun-22,1036.0,20
Dennison Crosswaite,Australia,Baker's Choco Chips,11-Jan-22,13846.0,421
Beverie Moffet,UK,50% Dark Bites,09-Feb-22,2499.0,271
Van Tuxwell,UK,Almond Choco,06-Jun-22,10689.0,204
Dotty Strutley,UK,Caramel Stuffed Bars,10-Aug-22,5768.0,235
Wilone O'Kielt,Australia,Smooth Sliky Salty,04-Jan-22,2226.0,46
Andria Kimpton,Canada,70% Dark Bites,08-Apr-22,10262.0,15
Barr Faughny,UK,Milk Bars,02-Mar-22,3864.0,430
Van Tuxwell,Canada,Drinking Coco,15-Jun-22,4900.0,709
Jehu Rudeforth,Australia,After Nines,14-Feb-22,5250.0,47
Husein Augar,UK,After Nines,05-Jul-22,3507.0,380
Barr Faughny,India,Mint Chip Choco,12-Jan-22,7413.0,465
Curtice Advani,India,Mint Chip Choco,03-Mar-22,8155.0,96
Jehu Rudeforth,New Zealand,Milk Bars,18-May-22,2478.0,188
Gunar Cockshoot,India,Caramel Stuffed Bars,28-Jul-22,2471.0,202
Curtice Advani,UK,Manuka Honey Choco,07-Feb-22,1666.0,106
Andria Kimpton,India,Orange Choco,30-May-22,301.0,421
Mallorie Waber,Australia,Raspberry Choco,25-Apr-22,8400.0,27
Beverie Moffet,Canada,85% Dark Bars,16-Feb-22,6139.0,45
Kelci Walkden,Australia,Drinking Coco,04-May-22,1288.0,60
Van Tuxwell,Canada,70% Dark Bites,02-Jun-22,7077.0,77
Dennison Crosswaite,USA,Caramel Stuffed Bars,11-Jul-22,2317.0,464
Beverie Moffet,New Zealand,Spicy Special Slims,07-Jun-22,63.0,60
Jan Morforth,UK,Almond Choco,06-Jul-22,9744.0,157
Husein Augar,India,Raspberry Choco,15-Jun-22,9954.0,154
Dotty Strutley,India,Mint Chip Choco,14-Apr-22,1260.0,239
Camilla Castle,India,Drinking Coco,08-Aug-22,469.0,163
Marney O'Breen,UK,Drinking Coco,29-Mar-22,973.0,28
Roddy Speechley,Australia,Organic Choco Syrup,04-Jul-22,3647.0,76
Ches Bonnell,India,99% Dark & Pure,16-Feb-22,455.0,96
Rafaelita Blaksland,Canada,Spicy Special Slims,02-May-22,2520.0,156
Van Tuxwell,India,Eclairs,21-Jul-22,10500.0,106
Gunar Cockshoot,Australia,99% Dark & Pure,18-Aug-22,7952.0,235
Kaine Padly,USA,85% Dark Bars,22-Jun-22,483.0,259
Camilla Castle,UK,Peanut Butter Cubes,19-Jul-22,4872.0,126
Madelene Upcott,UK,Peanut Butter Cubes,12-Aug-22,7756.0,85
Madelene Upcott,USA,Choco Coated Almonds,07-Jun-22,5446.0,132
Marney O'Breen,Canada,Peanut Butter Cubes,08-Mar-22,6594.0,91
Ches Bonnell,Australia,Choco Coated Almonds,08-Apr-22,1470.0,167
Curtice Advani,Canada,Eclairs,06-May-22,721.0,203
Roddy Speechley,India,Drinking Coco,31-May-22,4494.0,11
Van Tuxwell,Australia,Mint Chip Choco,13-Jan-22,2674.0,295
Dennison Crosswaite,USA,70% Dark Bites,15-Mar-22,658.0,77
Andria Kimpton,Canada,Peanut Butter Cubes,16-Feb-22,1127.0,319
Gigi Bohling,USA,70% Dark Bites,14-Jan-22,7364.0,196
Rafaelita Blaksland,Australia,White Choc,21-Mar-22,6818.0,102
Roddy Speechley,Canada,Drinking Coco,17-May-22,6776.0,312
Camilla Castle,New Zealand,85% Dark Bars,08-Aug-22,15099.0,55
Madelene Upcott,Canada,Milk Bars,26-Apr-22,3612.0,82
Madelene Upcott,Australia,70% Dark Bites,15-Apr-22,3710.0,260
Oby Sorrel,Canada,Eclairs,19-May-22,6111.0,591
Dennison Crosswaite,Canada,Drinking Coco,10-Jan-22,2702.0,24
Mallorie Waber,New Zealand,After Nines,04-May-22,483.0,228
Roddy Speechley,Canada,White Choc,05-Apr-22,5887.0,268
Andria Kimpton,India,After Nines,17-Jan-22,952.0,68
Roddy Speechley,India,Spicy Special Slims,22-Mar-22,10647.0,173
Dotty Strutley,Australia,White Choc,05-Jul-22,6055.0,93
Oby Sorrel,Canada,Orange Choco,27-Apr-22,8757.0,338
Kaine Padly,Canada,Almond Choco,12-Aug-22,6055.0,73
Jan Morforth,UK,Baker's Choco Chips,11-Mar-22,721.0,251
Jehu Rudeforth,UK,Fruit & Nut Bars,13-May-22,8589.0,229
Dennison Crosswaite,USA,Smooth Sliky Salty,12-May-22,11781.0,91
Brien Boise,USA,Raspberry Choco,12-Jan-22,672.0,194
Madelene Upcott,New Zealand,Milk Bars,29-Mar-22,12558.0,403
Roddy Speechley,India,50% Dark Bites,14-Mar-22,8337.0,12
Barr Faughny,New Zealand,99% Dark & Pure,24-May-22,8134.0,195
Dennison Crosswaite,Canada,Organic Choco Syrup,28-Jan-22,8491.0,75
Beverie Moffet,India,Almond Choco,24-May-22,3066.0,96
Brien Boise,Australia,Peanut Butter Cubes,19-Aug-22,301.0,205
Karlen McCaffrey,Australia,Spicy Special Slims,17-May-22,4410.0,323
Jehu Rudeforth,USA,White Choc,07-Jun-22,6559.0,119
Ches Bonnell,Canada,Organic Choco Syrup,26-Jul-22,574.0,217
Dotty Strutley,India,Eclairs,28-Jul-22,2086.0,384
Karlen McCaffrey,India,70% Dark Bites,23-May-22,5075.0,344
